Lorem,ipsum,dolor,sit,amet
"Lorem ipsum dolor sit amet, consectetur adipiscing elit.",Vivamus eu mauris non elit sollicitudin varius id in augue.,"Donec porta mi eu diam efficitur, nec egestas tellus dignissim.",Curabitur aliquet ipsum imperdiet quam pellentesque tristique.,Donec eget metus efficitur mi semper vulputate.
"Donec vitae nisi interdum, malesuada lacus id, porttitor nisl.","Integer sollicitudin odio eu erat scelerisque, sed scelerisque orci venenatis.",Nam cursus leo molestie massa gravida eleifend.,Nunc a diam ornare eros egestas ultricies nec sed nisl.,"Pellentesque fermentum justo eu metus eleifend, vel vestibulum est viverra."
Nam ultrices ex non malesuada pulvinar.,Cras convallis est eu tellus rhoncus laoreet vitae ac ligula.,Proin vehicula arcu vel enim facilisis tempor.,Praesent luctus velit in nisi rhoncus venenatis.,Aliquam imperdiet leo et erat tempus condimentum.
Fusce gravida erat at tristique viverra.,Quisque consequat mauris id tincidunt vestibulum.,"Nulla auctor nisi in eros scelerisque, a dignissim eros varius.","Nulla vitae turpis venenatis, convallis nisl vitae, pharetra urna.",Donec tincidunt enim vitae est pharetra venenatis.
Sed eget justo quis orci pellentesque pulvinar.,Proin vitae ante ac augue interdum pretium.,Sed pulvinar nisi vel lorem vehicula imperdiet.,Etiam porta metus non facilisis aliquam.,"Maecenas convallis mauris ut lorem tincidunt, eget dapibus mi mattis."
"In eu nisl consectetur, porta nulla vel, rhoncus orci.","Duis euismod nunc non arcu varius, ut laoreet mi auctor.",Pellentesque a velit sit amet sapien interdum tincidunt.,Maecenas venenatis orci sit amet ornare scelerisque.,Praesent iaculis orci in sollicitudin eleifend.
"Proin sed neque sollicitudin, interdum nisi vitae, imperdiet leo.",Pellentesque vel erat accumsan lacus venenatis cursus.,Donec posuere dui quis malesuada consectetur.,Nullam eu velit a augue porta varius vitae a lectus.,Sed pharetra tellus id pulvinar ullamcorper.
Nam suscipit eros sed aliquet sodales.,Nulla facilisis libero ac posuere feugiat.,Fusce et lectus accumsan leo pulvinar fringilla.,Donec vel tortor nec orci varius porttitor.,Nam molestie neque in blandit euismod.
Proin viverra est in scelerisque tempus.,Donec faucibus mi vel volutpat laoreet.,In non purus eu justo molestie bibendum.,Nullam vehicula nisi id metus bibendum facilisis.,
"Proin sagittis tortor condimentum lacus dictum, quis convallis nibh iaculis.",Suspendisse a risus in tellus elementum elementum ut mattis ante.,Sed viverra eros eget ullamcorper accumsan.,"Morbi interdum nibh eget lorem scelerisque, sed iaculis diam tincidunt.",
